question;answer;retrieved_sources
Почему возникает переобучение?;"[ml_01|Что такое переобучение] Переобучение (overfitting) возникает, когда модель слишком точно подстраивается под обучающие данные, включая шум. Оптимальная модель

[ml_01|Что такое переобучение] к плохой обобщающей способности на новых данных.";"ml_01:Что такое переобучение; ml_08:Bias-Variance Tradeoff; ml_01:Что такое переобучение"
Когда использовать tuple вместо list?;"[py_01|List vs Tuple в Python] List (список) — изменяемая последовательность, создаётся через []. Tuple быстрее и занимает меньше

[py_01|List vs Tuple в Python] Tuple быстрее и занимает меньше памяти, подходит для фиксированных данных, например ключей словаря.";"py_01:List vs Tuple в Python; py_01:List vs Tuple в Python; ml_06:Ансамбли моделей"
Как уменьшить variance модели?;"[ml_08|Bias-Variance Tradeoff] Компромисс между смещением (bias) и дисперсией (variance): простые модели имеют высокий bias (недообучение), сложные — высокую variance (переобучение). Оптимальная модель

[ml_08|Bias-Variance Tradeoff] высокую variance (переобучение).";"ml_08:Bias-Variance Tradeoff; ml_08:Bias-Variance Tradeoff; ml_01:Что такое переобучение"
Что даёт механизм внимания в трансформерах?;Не удалось сформировать ответ по контексту.;"ml_06:Ансамбли моделей; ml_08:Bias-Variance Tradeoff; ml_08:Bias-Variance Tradeoff"
